"Date","Sales Count","Subtotal","Discounts","Total","Cost","Profit","Margin"
"2018-01-03 00:00","31","$3,345.23","$19.00","$3,847.00","$1,629.67","$1,715.56","51.28%"
"2018-01-04 00:00","20","$13,520.60","$0.00","$15,548.19","$5,481.96","$8,038.64","58.51%"
"2018-01-05 00:00","15","$1,502.73","$36.75","$1,728.15","$893.68","$609.05","40.53%"
"2018-01-06 00:00","16","$5,457.22","$18.25","$6,275.75","$3,129.16","$2,328.06","42.66%"
"2018-01-08 00:00","17","$8,360.14","$58.25","$9,614.15","$5,580.69","$2,779.45","33.25%"
"2018-01-09 00:00","17","$1,414.28","$22.00","$1,626.40","$604.85","$809.43","57.23%"
"2018-01-10 00:00","11","$1,074.17","$0.00","$1,235.25","$437.72","$636.45","59.25%"
"2018-01-11 00:00","18","$6,056.84","$0.00","$6,965.38","$4,226.61","$1,830.23","30.22%"
"2018-01-12 00:00","23","$5,093.97","$0.00","$5,858.00","$3,178.55","$1,915.42","37.6%"
"2018-01-13 00:00","14","$1,417.14","$256.30","$1,629.70","$982.03","$435.11","30.7%"
"2018-01-15 00:00","14","$1,579.99","$4.00","$1,817.00","$585.32","$994.67","62.95%"
"2018-01-16 00:00","20","$1,846.60","$71.25","$2,123.55","$741.04","$1,105.56","59.87%"
"2018-01-17 00:00","15","$4,611.73","$29.50","$5,303.50","$3,481.54","$1,130.19","24.51%"
"2018-01-18 00:00","25","$4,743.41","$32.50","$5,454.90","$3,022.69","$1,720.72","36.28%"
"2018-01-19 00:00","19","$7,258.33","$0.00","$8,347.02","$4,151.32","$3,107.01","42.81%"
"2018-01-20 00:00","17","$2,916.26","$16.30","$3,353.70","$1,812.79","$1,103.47","26.98%"
"2018-01-22 00:00","15","$15,063.47","$9.00","$17,323.00","$9,944.67","$5,118.80","33.98%"
"2018-01-23 00:00","20","$2,721.30","$0.00","$3,129.50","$1,528.20","$1,193.10","43.84%"
"2018-01-24 00:00","14","$6,913.04","$108.00","$7,950.00","$748.20","$6,164.84","89.18%"
"2018-01-25 00:00","14","$15,398.76","$0.00","$17,708.50","$9,762.88","$5,635.88","36.6%"
"2018-01-26 00:00","11","$8,913.80","$0.00","$10,250.90","$6,519.90","$2,393.90","26.86%"
"2018-01-27 00:00","12","$11,192.90","$70.40","$12,871.84","$7,518.12","$3,674.78","32.83%"
"2018-01-30 00:00","30","$1,605.99","$30.50","$1,846.91","$801.08","$804.91","38.06%"
"2018-01-31 00:00","21","$929.78","$31.00","$1,069.25","$325.43","$604.35","65%"
"2018-02-01 00:00","19","$8,444.62","$0.00","$9,711.25","$5,937.00","$2,507.62","29.69%"
"2018-02-02 00:00","13","$8,669.73","$1.75","$9,970.15","$6,982.07","$1,687.66","19.47%"
"2018-02-03 00:00","10","$5,944.97","$0.00","$6,836.74","$4,107.38","$1,837.59","30.91%"
"2018-02-05 00:00","31","$2,140.08","$18.90","$2,461.09","$1,180.96","$959.12","42.73%"
"2018-02-07 00:00","12","$2,692.19","$0.00","$3,096.00","$1,681.93","$1,010.26","37.53%"
"2018-02-08 00:00","17","$2,598.89","$0.00","$2,979.00","$1,391.26","$1,207.63","46.47%"
"2018-02-09 00:00","11","$2,679.92","$115.90","$3,089.10","$1,750.64","$929.28","33.43%"
"2018-02-10 00:00","7","$306.95","$15.00","$352.99","$221.80","$85.15","20.7%"
"2018-02-12 00:00","5","$617.17","$0.00","$709.00","$341.85","$275.32","44.61%"
"2018-02-13 00:00","12","$874.06","$68.25","$1,005.15","$446.06","$428.00","48.97%"
"2018-02-14 00:00","8","$1,248.00","$0.00","$1,435.20","$655.42","$592.58","47.48%"
"2018-02-15 00:00","10","$641.32","$0.00","$737.49","$189.58","$451.74","70.44%"
"2018-02-16 00:00","14","$1,246.07","$3.55","$1,432.95","$422.80","$823.27","31.22%"
"2018-02-17 00:00","26","$1,472.17","$132.00","$1,693.00","$832.60","$639.57","32.36%"
"2018-02-19 00:00","25","$11,149.55","$0.00","$12,822.00","$10,685.61","$463.94","4.16%"
"2018-02-20 00:00","12","$2,541.76","$0.00","$2,923.00","$1,513.12","$1,028.64","40.47%"
"2018-02-21 00:00","14","$11,745.23","$60.00","$13,507.00","$8,166.62","$3,578.61","30.16%"
"2018-02-22 00:00","18","$11,646.96","$0.00","$13,394.00","$7,617.64","$4,029.32","34.34%"
"2018-02-23 00:00","13","$1,312.37","$2.50","$1,509.20","$502.15","$810.22","61.74%"
"2018-02-24 00:00","15","$14,322.66","$0.01","$16,471.09","$10,016.20","$4,306.46","30.07%"
"2018-02-26 00:00","19","$1,235.60","$32.50","$1,420.90","$438.25","$797.35","64.53%"
"2018-02-27 00:00","11","$-4,560.86","$0.00","$-5,245.00","$2,229.70","$-6,790.56","-33.03%"
"2018-02-28 00:00","27","$2,049.00","$0.00","$2,356.00","$670.95","$1,378.05","67.25%"
"2018-03-01 00:00","31","$1,930.27","$2.00","$2,211.50","$887.89","$1,042.38","54%"
"2018-03-02 00:00","37","$3,077.18","$10.00","$3,538.70","$1,011.91","$2,065.27","66.03%"
"2018-03-03 00:00","5","$6,447.83","$0.00","$7,415.00","$4,553.97","$1,893.86","29.37%"
"2018-03-04 00:00","4","$391.31","$0.00","$450.00","$67.53","$323.78","82.74%"
"2018-03-05 00:00","13","$789.15","$22.50","$907.50","$269.44","$519.71","32.99%"
"2018-03-06 00:00","8","$2,058.27","$0.00","$2,367.00","$1,764.26","$294.01","14.28%"
"2018-03-07 00:00","12","$565.21","$0.00","$650.00","$283.52","$281.69","49.84%"
"2018-03-08 00:00","13","$12,426.77","$0.00","$14,284.00","$9,961.80","$2,464.97","19.58%"
"2018-03-09 00:00","13","$11,728.47","$1.25","$13,406.75","$3,364.88","$8,363.59","71.31%"
"2018-03-10 00:00","18","$7,599.12","$0.00","$8,703.72","$4,338.20","$3,260.92","42.91%"
"2018-03-12 00:00","19","$11,179.37","$0.00","$12,815.00","$8,922.48","$2,256.89","20.19%"
"2018-03-13 00:00","17","$4,652.65","$8.75","$5,327.25","$2,955.25","$1,697.40","36.48%"
"2018-03-14 00:00","17","$1,396.89","$24.75","$1,568.15","$686.45","$710.44","50.86%"
"2018-03-15 00:00","13","$5,086.98","$0.00","$5,760.00","$3,833.53","$1,253.45","24.64%"
"2018-03-16 00:00","15","$4,196.57","$2.50","$4,716.50","$2,271.62","$1,924.95","45.87%"
"2018-03-17 00:00","32","$6,904.36","$0.00","$7,890.50","$4,701.55","$2,202.81","31.9%"
"2018-03-19 00:00","13","$4,672.64","$0.00","$5,327.00","$2,788.51","$1,884.13","40.32%"
"2018-03-20 00:00","13","$2,888.45","$0.00","$3,274.44","$1,410.99","$1,477.46","51.15%"
"2018-03-21 00:00","10","$2,471.41","$0.00","$2,809.08","$2,162.32","$309.09","12.32%"
"2018-03-22 00:00","13","$768.55","$0.00","$847.08","$272.42","$496.13","64.55%"
"2018-03-23 00:00","15","$2,479.12","$0.00","$2,851.00","$1,515.01","$964.11","38.89%"
"2018-03-24 00:00","11","$2,539.56","$0.00","$2,916.00","$1,559.02","$980.54","36.99%"
"2018-03-26 00:00","15","$13,242.67","$150.90","$15,190.80","$9,932.33","$3,310.34","25%"
"2018-03-27 00:00","10","$1,047.62","$0.00","$1,147.00","$329.55","$718.07","68.54%"
"2018-03-28 00:00","27","$1,914.79","$0.00","$2,109.72","$1,157.71","$757.08","39.54%"
"2018-03-29 00:00","21","$38,985.33","$9.00","$44,770.85","$35,761.54","$3,223.79","8.27%"
"2018-03-31 00:00","15","$12,665.01","$1.75","$14,557.25","$11,928.98","$736.03","5.81%"
"2018-04-03 00:00","21","$9,202.00","$0.00","$10,552.30","$6,681.15","$2,520.85","26.99%"
"2018-04-04 00:00","12","$2,129.14","$0.00","$2,435.00","$1,309.68","$819.46","38.49%"
"2018-04-05 00:00","2","$313.04","$0.00","$360.00","$55.31","$257.73","82.33%"
"2018-04-06 00:00","17","$5,938.07","$0.00","$6,768.00","$3,831.63","$2,106.44","35.47%"
"2018-04-07 00:00","13","$5,360.83","$16.80","$6,152.20","$5,140.33","$220.50","4.05%"
"2018-04-09 00:00","11","$2,940.65","$0.00","$3,335.98","$1,831.48","$1,109.17","37.72%"
"2018-04-10 00:00","9","$1,427.83","$45.00","$1,615.00","$777.76","$650.07","45.53%"
"2018-04-11 00:00","7","$640.94","$12.50","$733.33","$509.99","$130.95","20.43%"
"2018-04-12 00:00","5","$1,769.36","$0.00","$2,028.00","$1,036.41","$732.95","41.42%"
"2018-04-13 00:00","20","$976.54","$13.50","$1,089.99","$834.88","$141.66","13.11%"
"2018-04-14 00:00","15","$4,771.76","$165.75","$5,485.25","$3,852.72","$919.04","19.26%"
"2018-04-16 00:00","11","$581.41","$75.25","$638.63","$315.66","$265.75","26.69%"
"2018-04-17 00:00","11","$7,851.73","$32.25","$9,007.75","$3,631.17","$4,220.56","53.75%"
"2018-04-18 00:00","14","$3,940.20","$294.50","$4,473.50","$1,190.83","$2,749.37","69.78%"
"2018-04-19 00:00","9","$1,065.66","$77.50","$1,209.00","$604.27","$461.39","43.3%"
"2018-04-20 00:00","11","$1,675.49","$45.00","$1,884.80","$903.85","$771.64","40.58%"
"2018-04-21 00:00","22","$12,642.06","$169.93","$14,522.57","$9,022.50","$3,619.56","28.55%"
"2018-04-23 00:00","18","$5,377.41","$79.50","$6,179.50","$2,041.37","$3,336.04","62.04%"
"2018-04-24 00:00","16","$3,066.97","$135.50","$3,468.50","$1,899.05","$1,167.92","38.08%"
"2018-04-26 00:00","15","$1,703.68","$63.75","$1,868.50","$575.26","$1,128.42","66.23%"
"2018-04-27 00:00","12","$1,118.29","$59.20","$1,230.80","$421.09","$697.20","62.35%"
"2018-04-28 00:00","13","$5,515.68","$76.00","$6,286.00","$4,512.30","$1,003.38","18.19%"
"2018-04-30 00:00","35","$3,512.54","$0.01","$3,977.19","$2,319.68","$1,192.86","33.96%"
"2018-05-01 00:00","13","$2,089.80","$0.00","$2,383.00","$1,232.27","$857.53","41.03%"
"2018-05-02 00:00","13","$2,607.40","$0.00","$2,973.00","$1,759.65","$847.75","31.26%"
"2018-05-03 00:00","4","$965.23","$0.00","$1,071.00","$569.39","$395.84","41.01%"
"2018-05-04 00:00","8","$1,251.32","$24.00","$1,379.00","$440.98","$810.34","64.76%"
"2018-05-05 00:00","14","$9,794.37","$0.00","$11,259.00","$5,098.32","$4,696.05","47.38%"
"2018-05-07 00:00","11","$557.59","$35.00","$627.00","$402.68","$154.91","27.78%"
"2018-05-08 00:00","17","$1,047.63","$25.00","$1,127.50","$505.67","$541.96","48.89%"
"2018-05-09 00:00","13","$7,385.65","$24.00","$8,444.00","$4,882.49","$2,503.16","33.89%"
"2018-05-10 00:00","6","$1,155.95","$19.90","$1,327.10","$627.37","$528.58","45.73%"
"2018-05-11 00:00","16","$12,602.98","$-32.40","$14,421.40","$11,235.57","$1,367.41","10.54%"
"2018-05-12 00:00","7","$406.98","$0.00","$457.50","$210.52","$196.46","48.27%"
"2018-05-14 00:00","12","$820.79","$30.00","$937.90","$487.97","$332.82","40.55%"
"2018-05-15 00:00","9","$1,381.93","$20.70","$1,561.30","$692.51","$689.42","49.89%"
"2018-05-16 00:00","3","$278.69","$55.50","$311.50","$162.05","$116.64","41.85%"
"2018-05-17 00:00","5","$214.15","$0.00","$241.00","$101.41","$112.74","52.65%"
"2018-05-18 00:00","8","$874.88","$30.00","$997.13","$485.01","$389.87","44.56%"
"2018-05-19 00:00","7","$565.23","$15.00","$650.00","$351.40","$213.83","20.16%"
"2018-05-21 00:00","7","$1,824.14","$0.00","$2,076.00","$1,044.93","$779.21","42.72%"
"2018-05-22 00:00","7","$2,178.26","$0.00","$2,505.00","$1,787.73","$390.53","17.93%"
"2018-05-23 00:00","12","$639.55","$0.00","$722.00","$357.29","$282.26","44.13%"
"2018-05-24 00:00","8","$524.84","$8.00","$580.00","$274.31","$250.53","47.73%"
"2018-05-25 00:00","13","$861.91","$-18.20","$964.20","$381.45","$480.46","40.3%"
"2018-05-26 00:00","7","$642.60","$4.00","$739.00","$335.83","$306.77","47.74%"
"2018-05-28 00:00","7","$469.56","$10.00","$540.00","$242.52","$227.04","48.35%"
"2018-05-29 00:00","5","$358.28","$0.00","$406.00","$297.34","$60.94","17.01%"
"2018-05-30 00:00","7","$10,931.28","$0.00","$12,571.00","$8,382.97","$2,548.31","23.31%"
"2018-05-31 00:00","7","$504.96","$5.00","$572.50","$261.11","$243.85","48.29%"
"2018-06-01 00:00","18","$1,798.48","$3.00","$2,024.00","$854.30","$944.18","52.5%"
"2018-06-02 00:00","11","$3,083.75","$0.00","$3,458.52","$1,687.29","$1,396.46","45.28%"
"2018-06-05 00:00","8","$2,181.74","$0.00","$2,440.00","$1,284.21","$897.53","41.14%"
"2018-06-06 00:00","5","$384.99","$0.00","$415.00","$111.46","$273.53","71.05%"
"2018-06-07 00:00","10","$4,577.39","$0.00","$5,264.00","$3,421.71","$1,155.68","25.25%"
"2018-06-08 00:00","10","$851.30","$4.00","$979.00","$424.52","$426.78","50.13%"
"2018-06-09 00:00","10","$784.36","$0.00","$902.00","$495.38","$288.98","36.84%"
"2018-06-11 00:00","5","$4,030.44","$0.00","$4,635.00","$2,679.02","$1,351.42","33.53%"
"2018-06-12 00:00","10","$365.01","$20.00","$395.00","$75.68","$289.33","55.48%"
"2018-06-13 00:00","5","$769.35","$0.00","$791.00","$172.10","$597.25","77.63%"
"2018-06-14 00:00","5","$234.13","$5.00","$255.00","$75.26","$158.87","67.86%"
"2018-06-15 00:00","5","$670.22","$46.50","$741.50","$279.53","$390.69","58.29%"
"2018-06-16 00:00","2","$512.18","$0.00","$565.00","$231.27","$280.91","54.85%"
"2018-06-18 00:00","4","$397.39","$0.00","$457.00","$266.12","$131.27","33.03%"
"2018-06-19 00:00","4","$392.18","$45.00","$421.00","$164.81","$227.37","57.98%"
"2018-06-20 00:00","5","$423.49","$0.00","$475.00","$198.13","$225.36","53.21%"
"2018-06-21 00:00","7","$680.01","$6.00","$749.00","$326.39","$353.62","52%"
"2018-06-22 00:00","12","$6,151.55","$1,389.78","$7,013.52","$4,146.43","$2,005.12","32.6%"
"2018-06-23 00:00","13","$6,472.75","$1,778.65","$7,436.90","$5,334.71","$1,138.04","17.58%"
"2018-06-25 00:00","3","$426.09","$0.00","$490.00","$221.56","$204.53","48%"
"2018-06-26 00:00","5","$250.45","$0.00","$285.00","$200.38","$50.07","19.99%"
"2018-06-27 00:00","4","$3,947.83","$0.00","$4,540.00","$2,731.36","$1,216.47","30.81%"
"2018-06-28 00:00","6","$486.96","$0.00","$545.00","$243.63","$243.33","49.97%"
"2018-06-29 00:00","10","$2,950.89","$3.00","$3,392.00","$1,528.02","$1,422.87","45.42%"
"2018-06-30 00:00","9","$6,871.32","$74.00","$7,872.00","$5,377.33","$1,493.99","21.74%"
"2018-07-02 00:00","9","$1,660.01","$0.00","$1,867.00","$1,010.67","$649.34","39.12%"
"2018-07-03 00:00","3","$6,995.66","$0.00","$8,045.00","$5,375.96","$1,619.70","23.15%"
"2018-07-04 00:00","8","$4,404.34","$0.00","$5,047.00","$3,480.56","$923.78","20.97%"
"2018-07-05 00:00","9","$699.78","$84.00","$801.00","$419.75","$280.03","40.02%"
"2018-07-06 00:00","11","$7,777.57","$48.30","$8,924.70","$5,298.76","$2,478.81","31.87%"
"2018-07-07 00:00","2","$226.09","$0.00","$260.00","$124.69","$101.40","44.85%"
"2018-07-09 00:00","5","$129.34","$0.00","$145.00","$114.65","$14.69","8.09%"
"2018-07-10 00:00","4","$370.43","$6.00","$426.00","$210.64","$159.79","43.14%"
"2018-07-11 00:00","7","$547.82","$11.00","$630.00","$316.43","$231.39","42.24%"
"2018-07-12 00:00","14","$6,306.75","$0.00","$7,243.00","$4,613.29","$1,693.46","26.85%"
"2018-07-13 00:00","8","$8,281.12","$0.00","$9,441.50","$5,497.96","$2,783.16","33.61%"
"2018-07-14 00:00","4","$391.31","$0.00","$450.00","$368.65","$22.66","5.79%"
"2018-07-16 00:00","8","$611.10","$0.00","$679.49","$232.13","$378.97","62.01%"
"2018-07-17 00:00","7","$1,091.32","$0.00","$1,255.00","$693.28","$398.04","36.47%"
"2018-07-18 00:00","10","$378.92","$0.00","$426.00","$154.36","$224.56","59.26%"
"2018-07-19 00:00","9","$1,742.60","$0.00","$1,941.00","$1,033.15","$709.45","40.71%"
"2018-07-20 00:00","12","$829.85","$4.20","$943.80","$513.83","$316.02","38.08%"
"2018-07-21 00:00","2","$78.70","$27.50","$90.50","$41.90","$36.80","46.76%"
"2018-07-23 00:00","2","$3,956.51","$0.00","$4,550.00","$3,640.85","$315.66","7.98%"
"2018-07-24 00:00","8","$13,690.21","$0.00","$15,650.00","$11,394.75","$2,295.46","16.77%"
"2018-07-25 00:00","9","$9,138.49","$7.50","$10,487.50","$6,493.45","$2,645.04","28.94%"
"2018-07-26 00:00","9","$5,211.55","$0.00","$5,977.50","$3,992.20","$1,219.35","23.4%"
"2018-07-27 00:00","10","$1,211.51","$0.00","$1,391.00","$761.98","$449.53","37.1%"
"2018-07-28 00:00","10","$1,846.09","$45.00","$2,045.00","$789.97","$1,056.12","57.21%"
"2018-07-30 00:00","7","$766.99","$37.95","$852.05","$320.60","$446.39","58.2%"
"2018-07-31 00:00","11","$1,726.50","$5.50","$1,985.50","$1,112.82","$613.68","35.12%"
"2018-08-01 00:00","9","$301.74","$0.00","$333.50","$119.65","$182.09","47.92%"
"2018-08-02 00:00","11","$14,108.87","$37.80","$16,270.20","$10,925.79","$3,183.08","21.07%"
"2018-08-03 00:00","12","$3,140.22","$0.00","$3,591.00","$2,310.65","$829.57","26.42%"
"2018-08-04 00:00","5","$1,227.40","$0.00","$1,404.00","$859.35","$368.05","29.99%"
"2018-08-07 00:00","6","$853.48","$0.00","$981.50","$648.90","$204.58","23.19%"
"2018-08-08 00:00","11","$1,276.10","$112.25","$1,400.75","$562.61","$713.49","42.13%"
"2018-08-09 00:00","10","$5,208.63","$37.50","$5,931.40","$3,456.69","$1,751.94","33.64%"
"2018-08-10 00:00","12","$895.66","$6.00","$1,021.00","$581.78","$313.88","35.04%"
"2018-08-11 00:00","7","$532.38","$2.00","$592.00","$268.39","$263.99","49.59%"
"2018-08-13 00:00","10","$1,369.78","$3.50","$1,556.50","$695.33","$674.45","49.24%"
"2018-08-14 00:00","9","$4,391.95","$102.50","$5,048.50","$3,299.23","$1,092.72","24.88%"
"2018-08-15 00:00","6","$368.11","$11.70","$405.30","$162.02","$206.09","55.99%"
"2018-08-16 00:00","10","$7,870.00","$0.00","$9,040.00","$5,065.55","$2,804.45","35.63%"
"2018-08-17 00:00","16","$5,642.90","$6.15","$6,474.35","$3,895.76","$1,747.14","30.96%"
"2018-08-18 00:00","5","$1,104.35","$0.00","$1,270.00","$661.35","$443.00","40.11%"
"2018-08-20 00:00","4","$180.00","$0.00","$207.00","$113.17","$66.83","37.13%"
"2018-08-21 00:00","10","$974.80","$13.00","$1,100.00","$465.83","$508.97","52.21%"
"2018-08-22 00:00","3","$577.74","$318.85","$653.15","$508.85","$68.89","11.92%"
"2018-08-23 00:00","5","$1,684.37","$0.00","$1,904.00","$944.19","$740.18","43.94%"
"2018-08-24 00:00","14","$7,711.31","$18.75","$8,820.75","$5,393.30","$2,318.01","30.06%"
"2018-08-25 00:00","6","$291.96","$46.25","$335.75","$173.24","$118.72","40.66%"
"2018-08-27 00:00","4","$328.05","$0.00","$372.00","$264.55","$63.50","19.36%"
"2018-08-28 00:00","6","$489.35","$0.00","$553.00","$261.87","$227.48","46.49%"
"2018-08-29 00:00","5","$826.31","$21.75","$938.25","$523.23","$303.08","36.68%"
"2018-08-30 00:00","8","$2,145.70","$1.20","$2,423.30","$1,135.58","$1,010.12","47.08%"
"2018-08-31 00:00","15","$963.48","$24.00","$1,108.00","$666.61","$296.87","30.81%"
"2018-09-01 00:00","6","$297.62","$0.00","$340.00","$154.85","$142.77","22.94%"
"2018-09-03 00:00","5","$587.84","$320.00","$676.00","$425.05","$162.79","27.69%"
"2018-09-04 00:00","11","$1,126.08","$4.00","$1,265.00","$775.73","$350.35","31.11%"
"2018-09-05 00:00","9","$141.30","$0.00","$162.50","$108.46","$32.84","8.53%"
"2018-09-06 00:00","6","$5,025.23","$0.00","$5,779.00","$3,947.23","$1,078.00","20.39%"
"2018-09-07 00:00","9","$1,009.37","$17.25","$1,148.75","$538.25","$471.12","22.2%"
"2018-09-08 00:00","8","$758.49","$0.00","$858.00","$308.61","$449.88","59.31%"
"2018-09-10 00:00","7","$560.86","$0.00","$645.00","$223.94","$336.92","60.07%"
"2018-09-11 00:00","7","$477.83","$0.00","$530.00","$174.43","$303.40","63.5%"
"2018-09-12 00:00","7","$504.93","$0.00","$579.50","$281.81","$223.12","44.19%"
"2018-09-13 00:00","3","$108.70","$0.00","$116.00","$28.51","$80.19","73.77%"
"2018-09-14 00:00","15","$1,432.18","$0.00","$1,630.50","$1,052.33","$379.85","26.2%"
"2018-09-15 00:00","9","$753.91","$94.00","$858.00","$423.42","$330.49","43.84%"
"2018-09-17 00:00","4","$5,474.07","$8.80","$6,295.20","$4,076.36","$1,397.71","25.53%"
"2018-09-18 00:00","4","$332.61","$0.00","$363.00","$102.36","$230.25","69.23%"
"2018-09-19 00:00","12","$811.30","$0.00","$916.49","$459.77","$351.53","43.33%"
"2018-09-20 00:00","7","$787.37","$49.75","$889.25","$375.87","$411.50","52.26%"
"2018-09-21 00:00","6","$698.70","$0.00","$778.00","$292.46","$406.24","58.14%"
"2018-09-22 00:00","11","$912.18","$32.00","$1,025.00","$407.45","$504.73","55.33%"
"2018-09-24 00:00","10","$1,445.88","$29.00","$1,654.50","$910.15","$535.73","37.05%"
"2018-09-25 00:00","9","$581.98","$9.00","$667.00","$253.73","$328.25","56.4%"
"2018-09-26 00:00","9","$14,984.99","$0.00","$17,226.00","$10,959.39","$4,025.60","26.86%"
"2018-09-27 00:00","8","$450.86","$0.00","$506.50","$212.85","$238.01","52.79%"
"2018-09-28 00:00","6","$484.17","$55.00","$547.00","$266.41","$217.76","37%"
"2018-09-29 00:00","10","$6,601.77","$0.00","$7,560.50","$4,901.70","$1,700.07","25.75%"
"2018-10-01 00:00","9","$394.62","$0.00","$423.80","$151.00","$243.62","61.74%"
"2018-10-02 00:00","8","$809.59","$13.00","$913.00","$474.99","$334.60","41.33%"
"2018-10-03 00:00","12","$5,030.86","$45.00","$5,781.00","$2,978.52","$2,052.34","40.8%"
"2018-10-04 00:00","17","$1,131.95","$7.50","$1,299.50","$735.63","$396.32","32.51%"
"2018-10-05 00:00","16","$8,037.50","$32.40","$9,183.10","$5,167.32","$2,870.18","35.71%"
"2018-10-06 00:00","6","$254.57","$0.00","$286.00","$140.56","$114.01","33.38%"
"2018-10-08 00:00","14","$2,197.40","$90.34","$2,489.50","$948.29","$1,249.11","56.84%"
"2018-10-09 00:00","5","$276.95","$0.00","$302.00","$123.29","$153.66","55.48%"
"2018-10-10 00:00","10","$1,167.18","$17.50","$1,308.50","$662.94","$504.24","43.2%"
"2018-10-11 00:00","10","$1,658.06","$13.00","$1,882.00","$956.24","$701.82","42.33%"
"2018-10-12 00:00","12","$1,531.94","$20.25","$1,719.75","$524.25","$1,007.69","65.78%"
"2018-10-13 00:00","7","$1,644.65","$72.40","$1,872.60","$902.23","$742.42","45.14%"
"2018-10-15 00:00","9","$2,242.35","$14.80","$2,541.20","$862.88","$1,379.47","61.52%"
"2018-10-16 00:00","9","$493.72","$15.00","$558.00","$213.22","$280.50","56.81%"
"2018-10-17 00:00","8","$796.98","$0.00","$897.00","$488.44","$308.54","38.71%"
"2018-10-18 00:00","7","$4,555.88","$0.00","$5,219.00","$3,162.93","$1,392.95","30.57%"
"2018-10-19 00:00","16","$11,785.45","$44.00","$13,495.50","$8,414.64","$3,370.81","28.6%"
"2018-10-20 00:00","14","$4,697.75","$15.35","$5,356.65","$3,177.98","$1,519.77","32.35%"
"2018-10-23 00:00","13","$1,453.33","$134.80","$1,663.80","$782.83","$670.50","46.14%"
"2018-10-24 00:00","17","$2,510.21","$12.50","$2,854.50","$1,415.40","$1,094.81","43.61%"
"2018-10-25 00:00","15","$952.38","$16.50","$1,081.00","$461.22","$491.16","51.57%"
"2018-10-26 00:00","17","$2,199.78","$17.00","$2,446.50","$995.81","$1,203.97","54.73%"
"2018-10-27 00:00","9","$3,021.61","$11.00","$3,425.35","$1,846.60","$1,175.01","38.89%"
"2018-10-29 00:00","4","$324.36","$0.00","$355.00","$131.28","$193.08","59.53%"
"2018-10-30 00:00","8","$15,128.69","$0.00","$17,380.00","$10,842.92","$4,285.77","28.33%"
"2018-10-31 00:00","10","$760.21","$6.00","$857.00","$324.13","$436.08","57.36%"
"2018-11-01 00:00","15","$2,191.55","$129.00","$2,482.00","$1,306.38","$885.17","40.39%"
"2018-11-02 00:00","10","$3,192.64","$0.00","$3,601.00","$1,570.39","$1,622.25","50.81%"
"2018-11-03 00:00","7","$880.34","$62.10","$1,012.40","$555.72","$324.62","36.87%"
"2018-11-04 00:00","2","$172.60","$7.51","$198.49","$169.00","$3.60","2.09%"
"2018-11-05 00:00","7","$400.88","$0.00","$455.00","$223.25","$177.63","44.31%"
"2018-11-06 00:00","6","$1,180.02","$0.00","$1,327.00","$577.82","$602.20","51.03%"
"2018-11-07 00:00","12","$1,120.69","$0.00","$1,249.00","$480.87","$639.82","57.09%"
"2018-11-08 00:00","9","$804.35","$0.00","$907.00","$479.09","$325.26","40.44%"
"2018-11-09 00:00","10","$12,706.55","$0.00","$14,584.00","$9,377.27","$3,329.28","26.2%"
"2018-11-10 00:00","10","$1,166.74","$6.25","$1,281.75","$491.07","$675.67","57.91%"
"2018-11-12 00:00","4","$490.21","$64.25","$563.75","$309.35","$180.86","36.89%"
"2018-11-13 00:00","8","$2,345.83","$38.80","$2,693.20","$2,007.73","$338.10","14.41%"
"2018-11-14 00:00","15","$1,463.43","$0.00","$1,609.44","$805.38","$658.05","44.97%"
"2018-11-15 00:00","17","$13,633.51","$0.00","$15,629.00","$9,597.89","$4,035.62","29.6%"
"2018-11-16 00:00","13","$1,461.97","$34.00","$1,620.50","$690.99","$770.98","52.74%"
"2018-11-17 00:00","12","$1,689.30","$158.10","$1,920.90","$1,281.57","$407.73","21.52%"
"2018-11-19 00:00","1","$0.00","$0.00","$0.00","$150.00","$-150.00","0%"
"2018-11-20 00:00","21","$3,001.31","$105.50","$3,382.50","$1,553.27","$1,448.04","48.25%"
"2018-11-21 00:00","16","$3,526.76","$12.50","$4,019.00","$2,151.39","$1,375.37","39%"
"2018-11-22 00:00","20","$11,947.74","$151.00","$13,718.10","$9,376.31","$2,571.43","21.29%"
"2018-11-23 00:00","35","$3,662.89","$19.70","$4,062.30","$1,653.94","$2,008.95","54.85%"
"2018-11-24 00:00","2","$132.17","$15.00","$140.00","$29.55","$102.62","77.64%"
"2018-11-26 00:00","8","$6,932.92","$0.00","$7,948.80","$4,816.76","$2,116.16","30.52%"
"2018-11-27 00:00","10","$3,023.27","$21.50","$3,465.50","$2,510.60","$512.67","16.96%"
"2018-11-28 00:00","20","$8,319.36","$26.50","$9,539.50","$5,435.28","$2,884.08","34.67%"
"2018-11-29 00:00","30","$4,507.80","$148.05","$5,153.95","$3,840.68","$667.12","14.57%"
"2018-11-30 00:00","12","$704.51","$22.25","$758.45","$284.57","$419.94","59.61%"
"2018-12-01 00:00","7","$529.56","$0.00","$609.00","$253.15","$276.41","52.2%"
"2018-12-02 00:00","1","$0.00","$0.00","$0.00","$0.00","$0.00","0%"
"2018-12-03 00:00","15","$951.72","$49.75","$1,092.25","$657.71","$294.01","30.89%"
"2018-12-04 00:00","13","$5,585.24","$33.50","$6,376.50","$3,391.01","$2,194.23","39.29%"
"2018-12-05 00:00","22","$3,145.70","$216.50","$3,546.00","$1,795.20","$1,350.50","42.93%"
"2018-12-06 00:00","24","$9,910.23","$2.25","$11,330.75","$6,910.60","$2,999.63","30.27%"
"2018-12-07 00:00","31","$3,556.12","$16.00","$4,065.50","$2,031.52","$1,524.60","42.87%"
"2018-12-08 00:00","11","$7,548.05","$285.75","$8,665.25","$5,103.51","$2,444.54","32.39%"
"2018-12-10 00:00","10","$3,803.49","$12.50","$4,347.00","$2,940.73","$862.76","22.68%"
"2018-12-11 00:00","13","$595.45","$3.50","$652.50","$255.32","$340.13","57.12%"
"2018-12-12 00:00","12","$2,379.15","$359.00","$2,700.00","$1,757.84","$621.31","25.17%"
"2018-12-13 00:00","15","$4,211.70","$38.75","$4,802.15","$2,622.17","$1,589.53","37.74%"
"2018-12-14 00:00","24","$6,136.95","$91.50","$7,012.50","$3,544.53","$2,592.42","39.06%"
"2018-12-15 00:00","22","$2,578.79","$94.98","$2,937.82","$1,451.94","$1,126.85","43.7%"
"2018-12-17 00:00","23","$17,203.44","$249.05","$19,771.95","$12,937.44","$4,266.00","24.8%"
"2018-12-18 00:00","14","$1,742.18","$57.50","$1,991.49","$1,082.28","$659.90","34.85%"
"2018-12-19 00:00","23","$10,175.94","$165.95","$11,653.55","$7,967.22","$2,208.72","21.38%"
"2018-12-20 00:00","21","$11,478.39","$8.50","$13,193.40","$8,150.29","$3,328.10","28.48%"
"2018-12-21 00:00","29","$3,081.75","$50.25","$3,451.75","$1,225.50","$1,856.25","57.02%"
"2018-12-22 00:00","17","$3,125.04","$20.00","$3,554.00","$1,911.11","$1,213.93","38.85%"
"2018-12-24 00:00","25","$11,070.20","$9.50","$12,704.50","$7,562.53","$3,507.67","31.69%"
"2018-12-27 00:00","21","$6,419.58","$3.75","$7,356.25","$4,175.60","$2,243.98","34.96%"
"2018-12-28 00:00","47","$2,218.03","$2.50","$2,478.00","$1,125.67","$1,092.36","49.25%"
"2018-12-29 00:00","18","$1,799.37","$15.00","$2,067.00","$1,010.10","$789.27","43.86%"
"2018-12-31 00:00","18","$1,334.62","$111.25","$1,494.75","$675.48","$659.14","49.39%"
"2019-01-03 00:00","20","$6,151.91","$30.00","$6,979.42","$3,640.16","$2,511.75","40.83%"
"2019-01-04 00:00","23","$2,315.26","$0.00","$2,604.00","$1,055.51","$1,259.75","51.69%"
"2019-01-05 00:00","19","$2,343.31","$6.20","$2,649.80","$1,248.17","$1,095.14","46.6%"
"2019-01-07 00:00","19","$1,349.92","$0.00","$1,520.90","$628.89","$721.03","53.41%"
"2019-01-08 00:00","29","$2,597.68","$131.49","$2,933.66","$1,281.70","$1,315.98","50.66%"
"2019-01-09 00:00","19","$3,287.62","$5.00","$3,741.00","$1,864.12","$1,423.50","43.3%"
"2019-01-10 00:00","18","$13,816.58","$93.50","$15,763.00","$9,428.60","$4,387.98","31.56%"
"2019-01-11 00:00","25","$15,089.32","$130.20","$17,321.20","$9,872.52","$5,216.80","34.57%"
"2019-01-12 00:00","20","$1,976.76","$8.00","$2,265.00","$1,015.75","$961.01","27.27%"
"2019-01-14 00:00","26","$12,236.49","$62.00","$14,042.00","$9,426.48","$2,810.01","22.96%"
"2019-01-15 00:00","21","$3,396.34","$2.50","$3,789.50","$704.91","$2,691.43","51.88%"
"2019-01-16 00:00","31","$10,141.11","$3.00","$11,511.50","$6,382.85","$3,758.26","35.59%"
"2019-01-17 00:00","22","$1,498.54","$24.25","$1,656.55","$816.48","$682.06","45.51%"
"2019-01-18 00:00","26","$3,305.58","$21.80","$3,650.60","$1,436.90","$1,868.68","56.53%"
"2019-01-19 00:00","9","$1,993.39","$8.00","$2,280.40","$1,496.10","$497.29","24.95%"
"2019-01-21 00:00","15","$11,724.27","$157.60","$13,413.90","$7,265.48","$4,458.79","37.67%"
"2019-01-22 00:00","24","$4,740.90","$30.00","$5,295.98","$2,470.07","$2,270.83","47.9%"
"2019-01-23 00:00","12","$4,612.19","$0.00","$5,238.00","$3,012.70","$1,599.49","34.68%"
